/*
 Navicat Premium Data Transfer

 Source Server         : aliyuncs-rds
 Source Server Type    : MySQL
 Source Server Version : 80025
 Source Host           : penint-al.mysql.rds.aliyuncs.com:3306
 Source Schema         : ptw_tms_ques

 Target Server Type    : MySQL
 Target Server Version : 80025
 File Encoding         : 65001

 Date: 20/07/2023 12:05:19
*/

SET NAMES utf8mb4;
SET FOREIGN_KEY_CHECKS = 0;

-- ----------------------------
-- Table structure for t_exam
-- ----------------------------
DROP TABLE IF EXISTS `t_exam`;
CREATE TABLE `t_exam`  (
  `id` varchar(64) CHARACTER SET utf8mb4 COLLATE utf8mb4_0900_ai_ci NOT NULL COMMENT '问卷ID',
  `title` varchar(255) CHARACTER SET utf8mb4 COLLATE utf8mb4_0900_ai_ci NOT NULL COMMENT '问卷名称',
  `content` varchar(255) CHARACTER SET utf8mb4 COLLATE utf8mb4_0900_ai_ci NOT NULL DEFAULT '' COMMENT '问卷描述',
  `open_type` int NOT NULL DEFAULT 1 COMMENT '1公开2指定',
  `num` int NOT NULL DEFAULT 1 COMMENT '可答卷次数',
  `time_limit` tinyint(1) NOT NULL DEFAULT 0 COMMENT '是否限时',
  `start_time` date NULL DEFAULT NULL COMMENT '开始时间',
  `stop_time` date NULL DEFAULT NULL COMMENT '结束时间',
  `create_time` datetime NULL DEFAULT CURRENT_TIMESTAMP COMMENT '创建时间',
  `start_user` bigint NULL DEFAULT NULL COMMENT '发起人ID',
  `com_id` varchar(20) CHARACTER SET utf8mb4 COLLATE utf8mb4_0900_ai_ci NULL DEFAULT NULL COMMENT '租户ID',
  `del_flag` int NOT NULL DEFAULT 0 COMMENT '逻辑删除',
  `status` char(1) CHARACTER SET utf8mb4 COLLATE utf8mb4_0900_ai_ci NOT NULL DEFAULT '0' COMMENT '问卷状态：0待发布，1已发布',
  `user_id_str` text CHARACTER SET utf8mb4 COLLATE utf8mb4_0900_ai_ci NULL COMMENT '答者用户列表str',
  `theme` int NOT NULL DEFAULT 0 COMMENT '主题',
  PRIMARY KEY (`id`) USING BTREE
) ENGINE = InnoDB CHARACTER SET = utf8mb4 COLLATE = utf8mb4_0900_ai_ci COMMENT = '问卷表' ROW_FORMAT = Dynamic;

-- ----------------------------
-- Records of t_exam
-- ----------------------------
INSERT INTO `t_exam` VALUES ('2187b4dcc1e86dd7bb4e2d031c691969', 'ccc', '13', 1, 1, 0, NULL, NULL, '2022-11-10 14:05:59', 128, '1667313936283198486', 0, '0', NULL, 5);
INSERT INTO `t_exam` VALUES ('2e02fc5a98351fad1dff699b134da889', '123', '21', 1, 1, 0, NULL, NULL, '2022-11-10 14:28:50', 128, '1667313936283198486', 0, '1', NULL, 4);
INSERT INTO `t_exam` VALUES ('65f15365c34d05fea272a2c15f16a5d0', '213', '123', 1, 1, 0, NULL, NULL, '2022-11-13 20:39:06', 128, '1667313936283198486', 1, '0', NULL, 5);
INSERT INTO `t_exam` VALUES ('a9ad04a95ba4be33bdc94c18f8f6bb5a', '大学生消费情况调查问卷', '213', 2, 1, 0, NULL, NULL, '2022-11-06 21:48:33', 128, '1667313936283198486', 0, '1', NULL, 1);
INSERT INTO `t_exam` VALUES ('d0e0a8fa212aca71ec1d7da2861ad699', 'cccaaqqqqq', '123', 1, 1, 0, NULL, NULL, '2022-11-10 14:07:48', 128, '1667313936283198486', 0, '0', NULL, 0);
INSERT INTO `t_exam` VALUES ('d1fe3939247b15c771a6158f2c0bed2b', '123', '213', 1, 2, 0, NULL, NULL, '2022-11-06 21:46:56', 128, '1667313936283198486', 0, '1', NULL, 1);
INSERT INTO `t_exam` VALUES ('e22759f5f04ccc9d2902e6979b62c9cb', '21312321312', '123', 2, 1, 0, NULL, NULL, '2022-11-06 23:23:39', 128, '1667313936283198486', 2, '0', '[132]', 0);

-- ----------------------------
-- Table structure for t_exam_answer
-- ----------------------------
DROP TABLE IF EXISTS `t_exam_answer`;
CREATE TABLE `t_exam_answer`  (
  `id` varchar(64) CHARACTER SET utf8mb4 COLLATE utf8mb4_0900_ai_ci NOT NULL COMMENT '回答表Id',
  `exam_id` varchar(64) CHARACTER SET utf8mb4 COLLATE utf8mb4_0900_ai_ci NULL DEFAULT NULL COMMENT '问卷ID',
  `user_id` int NULL DEFAULT NULL COMMENT '用户id',
  `data` json NULL COMMENT '回答内容',
  `create_time` datetime NULL DEFAULT CURRENT_TIMESTAMP COMMENT '创建时间',
  PRIMARY KEY (`id`) USING BTREE
) ENGINE = InnoDB CHARACTER SET = utf8mb4 COLLATE = utf8mb4_0900_ai_ci COMMENT = '问卷回答表' ROW_FORMAT = Dynamic;

-- ----------------------------
-- Records of t_exam_answer
-- ----------------------------
INSERT INTO `t_exam_answer` VALUES ('a972f5c2769d246ff7fd6291b59e8198', '2e02fc5a98351fad1dff699b134da889', 44, '{\"id\": \"2e02fc5a98351fad1dff699b134da889\", \"num\": 1, \"comId\": \"1667313936283198486\", \"theme\": 5, \"title\": \"123\", \"status\": \"1\", \"content\": \"21\", \"delFlag\": 0, \"openType\": 1, \"startUser\": 128, \"timeLimit\": false, \"createTime\": \"2022-11-10 14:28:50\", \"selectList\": [{\"id\": \"1588897199314509826\", \"stat\": {\"all\": 2, \"stat\": {\"0\": 0, \"1\": 0, \"2\": 0, \"3\": 2}}, \"type\": 1, \"comId\": \"1667313936283198486\", \"level\": 1, \"quType\": 1, \"content\": \"2321312312\", \"answerList\": [{\"id\": \"1588897199394201601\", \"all\": 2, \"quId\": \"1588897199314509826\", \"checked\": true, \"content\": \"123\", \"checkNum\": 0}, {\"id\": \"1588897199398395905\", \"all\": 2, \"quId\": \"1588897199314509826\", \"checked\": false, \"content\": \"213\", \"checkNum\": 0}, {\"id\": \"1588897199402590209\", \"all\": 2, \"quId\": \"1588897199314509826\", \"checked\": false, \"content\": \"123\", \"checkNum\": 0}, {\"id\": \"1588897199402590210\", \"all\": 2, \"quId\": \"1588897199314509826\", \"checked\": false, \"content\": \"23\", \"checkNum\": 2}], \"createTime\": \"2022-11-05 22:13:07\"}, {\"id\": \"1589584331251236866\", \"stat\": {\"all\": 2, \"stat\": {\"0\": 1, \"1\": 1}}, \"type\": 1, \"comId\": \"1667313936283198486\", \"level\": 1, \"quType\": 3, \"content\": \"123\", \"answerList\": [{\"id\": \"1589584331301568513\", \"all\": 2, \"quId\": \"1589584331251236866\", \"checked\": true, \"content\": \"正确\", \"checkNum\": 1}, {\"id\": \"1589584331305762817\", \"all\": 2, \"quId\": \"1589584331251236866\", \"checked\": false, \"content\": \"错误\", \"checkNum\": 1}], \"createTime\": \"2022-11-07 19:43:32\"}, {\"id\": \"1589576599081172994\", \"stat\": {\"all\": 2, \"stat\": {\"0\": 2, \"1\": 2, \"2\": 0, \"3\": 0}}, \"type\": 1, \"comId\": \"1667313936283198486\", \"level\": 1, \"quType\": 2, \"content\": \"您的月消费多用在哪些方面\", \"answerList\": [{\"id\": \"1589576600205246466\", \"all\": 2, \"quId\": \"1589576599081172994\", \"checked\": true, \"content\": \"吃饭\", \"checkNum\": 2}, {\"id\": \"1589576600217829377\", \"all\": 2, \"quId\": \"1589576599081172994\", \"checked\": true, \"content\": \"打游戏\", \"checkNum\": 2}, {\"id\": \"1589576600217829378\", \"all\": 2, \"quId\": \"1589576599081172994\", \"content\": \"谈恋爱\", \"checkNum\": 0}, {\"id\": \"1589576600217829379\", \"all\": 2, \"quId\": \"1589576599081172994\", \"content\": \"买衣服\", \"checkNum\": 0}], \"createTime\": \"2022-11-07 19:12:48\"}]}', '2023-07-20 11:24:21');

-- ----------------------------
-- Table structure for t_exam_qu
-- ----------------------------
DROP TABLE IF EXISTS `t_exam_qu`;
CREATE TABLE `t_exam_qu`  (
  `id` varchar(64) CHARACTER SET utf8mb4 COLLATE utf8mb4_0900_ai_ci NOT NULL COMMENT 'ID',
  `exam_id` varchar(64) CHARACTER SET utf8mb4 COLLATE utf8mb4_0900_ai_ci NOT NULL COMMENT '问卷ID',
  `qu_id` varchar(64) CHARACTER SET utf8mb4 COLLATE utf8mb4_0900_ai_ci NOT NULL COMMENT '题目ID',
  `qu_type` int NOT NULL COMMENT '题目类型',
  `sort` int NOT NULL DEFAULT 0 COMMENT '问题排序',
  `del_flag` int NOT NULL DEFAULT 0,
  PRIMARY KEY (`id`) USING BTREE,
  INDEX `paper_id`(`exam_id`) USING BTREE,
  INDEX `paper_qu_id`(`exam_id`, `qu_id`) USING BTREE,
  INDEX `qu_id`(`qu_id`) USING BTREE,
  INDEX `sort`(`sort`) USING BTREE
) ENGINE = InnoDB CHARACTER SET = utf8mb4 COLLATE = utf8mb4_0900_ai_ci COMMENT = '试卷考题' ROW_FORMAT = Dynamic;

-- ----------------------------
-- Records of t_exam_qu
-- ----------------------------
INSERT INTO `t_exam_qu` VALUES ('09dd3f8e85748ef75b0114017bb7515f', 'd1fe3939247b15c771a6158f2c0bed2b', '1588088507946016769', 1, 1, 2);
INSERT INTO `t_exam_qu` VALUES ('0b8d52f7d92bb2e7bc23acba033c54b1', '2e02fc5a98351fad1dff699b134da889', '1588897199314509826', 1, 1, 0);
INSERT INTO `t_exam_qu` VALUES ('117b197b7722534c2f898f8cc7b84426', 'd1fe3939247b15c771a6158f2c0bed2b', '1588897199314509826', 1, 0, 2);
INSERT INTO `t_exam_qu` VALUES ('132a4bbe4eb4b687ef2c6d3c387af888', 'a9ad04a95ba4be33bdc94c18f8f6bb5a', '1550342870903418882', 1, 2, 2);
INSERT INTO `t_exam_qu` VALUES ('15e96d4c8dfe1b2da48b2cc93449019a', 'a9ad04a95ba4be33bdc94c18f8f6bb5a', '1550343195391553538', 1, 3, 2);
INSERT INTO `t_exam_qu` VALUES ('165b151be5938a7f04387336fb8366ea', '65f15365c34d05fea272a2c15f16a5d0', '1589584331251236866', 3, 3, 1);
INSERT INTO `t_exam_qu` VALUES ('1af81a7b7a978c3d232effed0cf81238', 'd1fe3939247b15c771a6158f2c0bed2b', '1588897199314509826', 1, 1, 2);
INSERT INTO `t_exam_qu` VALUES ('1b0afcdbefe84fa0c0741425e0afc7f8', '65f15365c34d05fea272a2c15f16a5d0', '1550342870903418882', 1, 7, 1);
INSERT INTO `t_exam_qu` VALUES ('1b502ef1adee86f85c70bf1e430a97f7', 'd1fe3939247b15c771a6158f2c0bed2b', '1588088507946016769', 1, 0, 2);
INSERT INTO `t_exam_qu` VALUES ('21c38401bfb1c483699083315739ff82', 'a9ad04a95ba4be33bdc94c18f8f6bb5a', '1588088507946016769', 1, 1, 2);
INSERT INTO `t_exam_qu` VALUES ('2869aa4cc3283157c1ae61224a4156cb', 'd0e0a8fa212aca71ec1d7da2861ad699', '1589576599081172994', 2, 0, 0);
INSERT INTO `t_exam_qu` VALUES ('2a948175f3aa9de5ee395bd46e15b908', 'a9ad04a95ba4be33bdc94c18f8f6bb5a', '1588897199314509826', 1, 0, 2);
INSERT INTO `t_exam_qu` VALUES ('3065118e96034deb2e0a44a1d11fd3c8', '65f15365c34d05fea272a2c15f16a5d0', '1550343195391553538', 1, 8, 1);
INSERT INTO `t_exam_qu` VALUES ('319a6271e870af398b562268382d3388', '2e02fc5a98351fad1dff699b134da889', '1589584331251236866', 3, 2, 0);
INSERT INTO `t_exam_qu` VALUES ('3248c74217daa809e74d5b92578ac71e', 'd1fe3939247b15c771a6158f2c0bed2b', '1588897199314509826', 1, 0, 2);
INSERT INTO `t_exam_qu` VALUES ('35715f690c709287992310497f2f8e1c', '2187b4dcc1e86dd7bb4e2d031c691969', '1588897199314509826', 1, 2, 0);
INSERT INTO `t_exam_qu` VALUES ('36c1629d8e9558be9cb5a734c23f2ee9', 'e22759f5f04ccc9d2902e6979b62c9cb', '1588897199314509826', 1, 0, 2);
INSERT INTO `t_exam_qu` VALUES ('537dcec55c9efffa9a1cf13b5dc087ab', 'a9ad04a95ba4be33bdc94c18f8f6bb5a', '1588897199314509826', 1, 0, 2);
INSERT INTO `t_exam_qu` VALUES ('54a89b3e2b19e431eb3557a45e292600', 'a9ad04a95ba4be33bdc94c18f8f6bb5a', '1588088507946016769', 1, 1, 2);
INSERT INTO `t_exam_qu` VALUES ('5a09d1d681dad876a30222f31d8a7197', '2187b4dcc1e86dd7bb4e2d031c691969', '1589576599081172994', 2, 1, 0);
INSERT INTO `t_exam_qu` VALUES ('5c44ba1ad7a7ca376d64ea8954ba281b', 'a9ad04a95ba4be33bdc94c18f8f6bb5a', '1589584331251236866', 3, 5, 0);
INSERT INTO `t_exam_qu` VALUES ('60c03ea2d0fb3ebe23f330b25add760f', '65f15365c34d05fea272a2c15f16a5d0', '1588897199314509826', 1, 5, 1);
INSERT INTO `t_exam_qu` VALUES ('60e60aec838e5ea29b4a14a03b9dcd64', '65f15365c34d05fea272a2c15f16a5d0', '1588088507946016769', 1, 6, 1);
INSERT INTO `t_exam_qu` VALUES ('60f430ddb43923cc876fbfcf753432fb', 'd1fe3939247b15c771a6158f2c0bed2b', '1588897199314509826', 1, 0, 0);
INSERT INTO `t_exam_qu` VALUES ('60f83e586c8f943d1c3605647bde22aa', '2187b4dcc1e86dd7bb4e2d031c691969', '1550343195391553538', 1, 5, 0);
INSERT INTO `t_exam_qu` VALUES ('60f97414180d06aa81d93bdb8725f968', 'a9ad04a95ba4be33bdc94c18f8f6bb5a', '1550343195391553538', 1, 3, 2);
INSERT INTO `t_exam_qu` VALUES ('62e987f774f951fd4bc491d981688497', 'a9ad04a95ba4be33bdc94c18f8f6bb5a', '1588897199314509826', 1, 0, 2);
INSERT INTO `t_exam_qu` VALUES ('6389a22af8856f0606d8dc954c867de9', 'd1fe3939247b15c771a6158f2c0bed2b', '1588088507946016769', 1, 0, 2);
INSERT INTO `t_exam_qu` VALUES ('6721334b27354d74272a93e2ae0dac69', 'd1fe3939247b15c771a6158f2c0bed2b', '1588088507946016769', 1, 1, 2);
INSERT INTO `t_exam_qu` VALUES ('715cede672b2d85f009c15c93d825188', '2187b4dcc1e86dd7bb4e2d031c691969', '1589584331251236866', 3, 0, 0);
INSERT INTO `t_exam_qu` VALUES ('751a291f7b81d7da9f7f9a770264ee2e', 'a9ad04a95ba4be33bdc94c18f8f6bb5a', '1550342870903418882', 1, 3, 0);
INSERT INTO `t_exam_qu` VALUES ('79c2ca17b8156bc8b29b90b04ccd271d', '2187b4dcc1e86dd7bb4e2d031c691969', '1588088507946016769', 1, 3, 0);
INSERT INTO `t_exam_qu` VALUES ('81996d30ede1cbcdcb03939ce53d92af', 'd1fe3939247b15c771a6158f2c0bed2b', '1588088507946016769', 1, 0, 2);
INSERT INTO `t_exam_qu` VALUES ('84846b1d472bb940f88f7df8b78a4b33', 'd1fe3939247b15c771a6158f2c0bed2b', '1588088507946016769', 1, 1, 2);
INSERT INTO `t_exam_qu` VALUES ('851dcced7fe7bd00d786448b6ccfd989', 'a9ad04a95ba4be33bdc94c18f8f6bb5a', '1550342870903418882', 1, 3, 2);
INSERT INTO `t_exam_qu` VALUES ('869d77f906feb3cc6f4a2c9d4e12d1b8', 'a9ad04a95ba4be33bdc94c18f8f6bb5a', '1588088507946016769', 1, 2, 0);
INSERT INTO `t_exam_qu` VALUES ('870c4754c753f1aff43a3ad223eaf4ac', '65f15365c34d05fea272a2c15f16a5d0', '1589576599081172994', 2, 4, 1);
INSERT INTO `t_exam_qu` VALUES ('870e8d43756f6da2075275079f22f242', 'a9ad04a95ba4be33bdc94c18f8f6bb5a', '1550343195391553538', 1, 3, 2);
INSERT INTO `t_exam_qu` VALUES ('893c96df5f2dd9e6aee798baeab6bf8d', 'a9ad04a95ba4be33bdc94c18f8f6bb5a', '1550342870903418882', 1, 2, 2);
INSERT INTO `t_exam_qu` VALUES ('8df31eac65743cd18600a481ab0eac23', 'd1fe3939247b15c771a6158f2c0bed2b', '1588897199314509826', 1, 1, 2);
INSERT INTO `t_exam_qu` VALUES ('99ce1362c325ca5efb76f0180d8f5510', 'a9ad04a95ba4be33bdc94c18f8f6bb5a', '1588897199314509826', 1, 0, 2);
INSERT INTO `t_exam_qu` VALUES ('9db5d942a46eff7d503ef46709cb064c', 'a9ad04a95ba4be33bdc94c18f8f6bb5a', '1588088507946016769', 1, 1, 2);
INSERT INTO `t_exam_qu` VALUES ('9fe643e6547e3045231855fc237a3c63', 'a9ad04a95ba4be33bdc94c18f8f6bb5a', '1550343195391553538', 1, 4, 0);
INSERT INTO `t_exam_qu` VALUES ('a2c8b6c57d3c67b16a51028bb5fc10b7', '65f15365c34d05fea272a2c15f16a5d0', '1591006011991265282', 2, 2, 1);
INSERT INTO `t_exam_qu` VALUES ('a4388660e483b55898118905c1f4a878', 'a9ad04a95ba4be33bdc94c18f8f6bb5a', '1550342870903418882', 1, 2, 2);
INSERT INTO `t_exam_qu` VALUES ('a94c6986fceccadec07af793ee1cd6a1', 'a9ad04a95ba4be33bdc94c18f8f6bb5a', '1588897199314509826', 1, 0, 2);
INSERT INTO `t_exam_qu` VALUES ('aedd7453ba3fa8210b8b3f7e8627950d', '2e02fc5a98351fad1dff699b134da889', '1589576599081172994', 2, 0, 0);
INSERT INTO `t_exam_qu` VALUES ('b334bbdea57ee3c665dae3839ea9a423', '65f15365c34d05fea272a2c15f16a5d0', '1591012842625093634', 1, 1, 1);
INSERT INTO `t_exam_qu` VALUES ('c1d1ccebbdd052c3c573eb714e2e0fb6', 'a9ad04a95ba4be33bdc94c18f8f6bb5a', '1589576599081172994', 2, 0, 0);
INSERT INTO `t_exam_qu` VALUES ('c1dc8985be38ea272cdadf3a28f5846c', 'a9ad04a95ba4be33bdc94c18f8f6bb5a', '1550343195391553538', 1, 2, 2);
INSERT INTO `t_exam_qu` VALUES ('ca01fd31eb4cba2f4c82f133974f0c42', 'a9ad04a95ba4be33bdc94c18f8f6bb5a', '1550343195391553538', 1, 2, 2);
INSERT INTO `t_exam_qu` VALUES ('cb64f8683709c214f3980474ab950921', '2187b4dcc1e86dd7bb4e2d031c691969', '1550342870903418882', 1, 4, 0);
INSERT INTO `t_exam_qu` VALUES ('ce0f7dbff2145a4c3be07cdacf2ecc47', 'a9ad04a95ba4be33bdc94c18f8f6bb5a', '1550342870903418882', 1, 2, 2);
INSERT INTO `t_exam_qu` VALUES ('cecddab0382c54a8111595799d7b9aef', 'a9ad04a95ba4be33bdc94c18f8f6bb5a', '1588897199314509826', 1, 1, 0);
INSERT INTO `t_exam_qu` VALUES ('cf49c88965dd788b7a32937d33494466', 'a9ad04a95ba4be33bdc94c18f8f6bb5a', '1588088507946016769', 1, 1, 2);
INSERT INTO `t_exam_qu` VALUES ('d2486ce8da035b68736c966c8e7e31b5', 'd0e0a8fa212aca71ec1d7da2861ad699', '1589584331251236866', 3, 1, 0);
INSERT INTO `t_exam_qu` VALUES ('d2586d1e18e8c1fcc84dd05469f9820b', 'e22759f5f04ccc9d2902e6979b62c9cb', '1588088507946016769', 1, 1, 2);
INSERT INTO `t_exam_qu` VALUES ('dadce0ade3b74527ad56d469974f34fe', 'd1fe3939247b15c771a6158f2c0bed2b', '1588088507946016769', 1, 1, 0);
INSERT INTO `t_exam_qu` VALUES ('debf111f2cf4f5765846fdedfa42fb11', 'd1fe3939247b15c771a6158f2c0bed2b', '1588897199314509826', 1, 1, 2);
INSERT INTO `t_exam_qu` VALUES ('dedd6237c060fcf20ea1cf8208807d3d', '65f15365c34d05fea272a2c15f16a5d0', '1591012984707141633', 3, 0, 1);
INSERT INTO `t_exam_qu` VALUES ('e4a5cbf1753b6999dd0490b7f7fcd55c', 'a9ad04a95ba4be33bdc94c18f8f6bb5a', '1588897199314509826', 1, 0, 2);
INSERT INTO `t_exam_qu` VALUES ('e737b0bf777a26aa96afe44dac077e8d', 'a9ad04a95ba4be33bdc94c18f8f6bb5a', '1589576599081172994', 2, 4, 2);
INSERT INTO `t_exam_qu` VALUES ('e9bb6d76969de73262a77745d9aacbb1', 'd1fe3939247b15c771a6158f2c0bed2b', '1588897199314509826', 1, 0, 2);
INSERT INTO `t_exam_qu` VALUES ('ea8e0a8a2b621f12fb5cc8cab34552da', 'a9ad04a95ba4be33bdc94c18f8f6bb5a', '1588088507946016769', 1, 1, 2);
INSERT INTO `t_exam_qu` VALUES ('ee4144d5f2bae071a959d9dcc7439fdb', 'a9ad04a95ba4be33bdc94c18f8f6bb5a', '1588088507946016769', 1, 1, 2);
INSERT INTO `t_exam_qu` VALUES ('f6e5d138abd66e0646baeb477983ffaa', 'a9ad04a95ba4be33bdc94c18f8f6bb5a', '1550343195391553538', 1, 3, 2);
INSERT INTO `t_exam_qu` VALUES ('f81e9976940bb14976f41fb7f7f66483', 'a9ad04a95ba4be33bdc94c18f8f6bb5a', '1550343195391553538', 1, 3, 2);
INSERT INTO `t_exam_qu` VALUES ('fa7f5dcc3b42999fb0b823337f660a61', 'a9ad04a95ba4be33bdc94c18f8f6bb5a', '1550342870903418882', 1, 1, 2);
INSERT INTO `t_exam_qu` VALUES ('fbe93abd0daddc69afb22250fb4d41a3', 'a9ad04a95ba4be33bdc94c18f8f6bb5a', '1550342870903418882', 1, 2, 2);
INSERT INTO `t_exam_qu` VALUES ('fd4e74565097f116c285321e9745d015', 'a9ad04a95ba4be33bdc94c18f8f6bb5a', '1588897199314509826', 1, 0, 2);

-- ----------------------------
-- Table structure for t_exam_qu_answer
-- ----------------------------
DROP TABLE IF EXISTS `t_exam_qu_answer`;
CREATE TABLE `t_exam_qu_answer`  (
  `id` varchar(64) CHARACTER SET utf8mb4 COLLATE utf8mb4_0900_ai_ci NOT NULL COMMENT '自增ID',
  `exam_id` varchar(64) CHARACTER SET utf8mb4 COLLATE utf8mb4_0900_ai_ci NOT NULL COMMENT '问卷ID',
  `answer_id` varchar(32) CHARACTER SET utf8mb4 COLLATE utf8mb4_0900_ai_ci NULL DEFAULT NULL COMMENT '回答项ID',
  `qu_id` varchar(32) CHARACTER SET utf8mb4 COLLATE utf8mb4_0900_ai_ci NOT NULL COMMENT '题目ID',
  `sort` int NOT NULL DEFAULT 0 COMMENT '排序',
  `abc` varchar(64) CHARACTER SET utf8mb4 COLLATE utf8mb4_0900_ai_ci NULL DEFAULT '' COMMENT '选项标签',
  `del_flag` int NOT NULL DEFAULT 0,
  PRIMARY KEY (`id`) USING BTREE,
  INDEX `exam_id`(`exam_id`) USING BTREE,
  INDEX `paper_qu_id`(`exam_id`, `qu_id`) USING BTREE,
  INDEX `qu_id`(`qu_id`) USING BTREE,
  INDEX `sort`(`sort`) USING BTREE
) ENGINE = InnoDB CHARACTER SET = utf8mb4 COLLATE = utf8mb4_0900_ai_ci COMMENT = '问卷题目备选答案' ROW_FORMAT = Dynamic;

-- ----------------------------
-- Records of t_exam_qu_answer
-- ----------------------------
INSERT INTO `t_exam_qu_answer` VALUES ('01e99f26fc21d95ccc4efbd8ca1834f0', 'a9ad04a95ba4be33bdc94c18f8f6bb5a', '1550343195987144706', '1550343195391553538', 0, 'A', 0);
INSERT INTO `t_exam_qu_answer` VALUES ('040287e7be28ae7f8bc4dee553425209', 'a9ad04a95ba4be33bdc94c18f8f6bb5a', '1588088508604522498', '1588088507946016769', 1, 'B', 2);
INSERT INTO `t_exam_qu_answer` VALUES ('04beae6f48138dd6f8f627e98ef189e8', 'a9ad04a95ba4be33bdc94c18f8f6bb5a', '1550343195987144706', '1550343195391553538', 0, 'A', 2);
INSERT INTO `t_exam_qu_answer` VALUES ('057d4534aecb65c85e3cf4df5097b7a3', '65f15365c34d05fea272a2c15f16a5d0', '1591006013425717250', '1591006011991265282', 3, 'D', 1);
INSERT INTO `t_exam_qu_answer` VALUES ('069dcf802958f3702037e64d21b548ed', '65f15365c34d05fea272a2c15f16a5d0', '1591006013421522946', '1591006011991265282', 2, 'C', 1);
INSERT INTO `t_exam_qu_answer` VALUES ('07ea0a242e3ea27d4d0d2fcfcada6da1', 'd0e0a8fa212aca71ec1d7da2861ad699', '1589576600217829379', '1589576599081172994', 3, 'D', 0);
INSERT INTO `t_exam_qu_answer` VALUES ('099a8d241ecaa3cb07676d1e0873acdf', 'a9ad04a95ba4be33bdc94c18f8f6bb5a', '1589584331301568513', '1589584331251236866', 0, 'A', 0);
INSERT INTO `t_exam_qu_answer` VALUES ('0cec9968f0fefd336fd673cca16e1c66', '2e02fc5a98351fad1dff699b134da889', '1588897199402590210', '1588897199314509826', 3, 'D', 0);
INSERT INTO `t_exam_qu_answer` VALUES ('1024f81687572c98116d97281fb45ab8', '65f15365c34d05fea272a2c15f16a5d0', '1591012985638277121', '1591012984707141633', 1, 'B', 1);
INSERT INTO `t_exam_qu_answer` VALUES ('105d0d9f771cacb3a1f1ef8d4573dff7', '65f15365c34d05fea272a2c15f16a5d0', '1588897199394201601', '1588897199314509826', 0, 'A', 1);
INSERT INTO `t_exam_qu_answer` VALUES ('1130fd3996a20de43c734f07da0814b1', 'a9ad04a95ba4be33bdc94c18f8f6bb5a', '1588088508604522498', '1588088507946016769', 1, 'B', 2);
INSERT INTO `t_exam_qu_answer` VALUES ('14328281cbfe975142ae8fef0efd2903', '2187b4dcc1e86dd7bb4e2d031c691969', '1588897199398395905', '1588897199314509826', 1, 'B', 0);
INSERT INTO `t_exam_qu_answer` VALUES ('14ac403c59db335740a467e0b2d388b2', 'a9ad04a95ba4be33bdc94c18f8f6bb5a', '1550343195995533313', '1550343195391553538', 1, 'B', 2);
INSERT INTO `t_exam_qu_answer` VALUES ('15e7527d4a3ac17126f56e11eb8b6dcf', '65f15365c34d05fea272a2c15f16a5d0', '1588897199402590210', '1588897199314509826', 3, 'D', 1);
INSERT INTO `t_exam_qu_answer` VALUES ('172819d6de9021408c8db8d63204d458', 'd1fe3939247b15c771a6158f2c0bed2b', '1588897199394201601', '1588897199314509826', 0, 'A', 2);
INSERT INTO `t_exam_qu_answer` VALUES ('18d19fbca415a3f0a9124e055ada2b27', 'a9ad04a95ba4be33bdc94c18f8f6bb5a', '1588897199402590210', '1588897199314509826', 3, 'D', 2);
INSERT INTO `t_exam_qu_answer` VALUES ('199e7ecb855504bc42ff9aa5e1b54838', 'a9ad04a95ba4be33bdc94c18f8f6bb5a', '1550342872069435393', '1550342870903418882', 1, 'B', 2);
INSERT INTO `t_exam_qu_answer` VALUES ('1d5540f0377bab71f46ace232feba98e', 'a9ad04a95ba4be33bdc94c18f8f6bb5a', '1550342872073629698', '1550342870903418882', 2, 'C', 2);
INSERT INTO `t_exam_qu_answer` VALUES ('22c6712fbd377ceba321b82ec4ccb0cc', '65f15365c34d05fea272a2c15f16a5d0', '1591006013413134338', '1591006011991265282', 0, 'A', 1);
INSERT INTO `t_exam_qu_answer` VALUES ('234d106c4341afebc3c1fed91c96f4af', 'd0e0a8fa212aca71ec1d7da2861ad699', '1589584331301568513', '1589584331251236866', 0, 'A', 0);
INSERT INTO `t_exam_qu_answer` VALUES ('24aa6a740e1a3d6e01e47bb8e5d56d98', 'a9ad04a95ba4be33bdc94c18f8f6bb5a', '1550342872073629699', '1550342870903418882', 3, 'D', 2);
INSERT INTO `t_exam_qu_answer` VALUES ('252d401f2a22df6f589f0e1797e227cd', '2e02fc5a98351fad1dff699b134da889', '1589576600217829377', '1589576599081172994', 1, 'B', 0);
INSERT INTO `t_exam_qu_answer` VALUES ('25647ba191ac5b3c6aa74db7e6056550', 'a9ad04a95ba4be33bdc94c18f8f6bb5a', '1550343195999727618', '1550343195391553538', 2, 'C', 2);
INSERT INTO `t_exam_qu_answer` VALUES ('2597d1f048160b2d3152955a16311b5a', '65f15365c34d05fea272a2c15f16a5d0', '1589584331305762817', '1589584331251236866', 1, 'B', 1);
INSERT INTO `t_exam_qu_answer` VALUES ('28175d0559bfc81ede1b29902b311c06', 'a9ad04a95ba4be33bdc94c18f8f6bb5a', '1550342872069435393', '1550342870903418882', 1, 'B', 2);
INSERT INTO `t_exam_qu_answer` VALUES ('284e5fabcd8e43116ba676e7ad324027', 'a9ad04a95ba4be33bdc94c18f8f6bb5a', '1588088508591939585', '1588088507946016769', 0, 'A', 2);
INSERT INTO `t_exam_qu_answer` VALUES ('2a465cf3de86cd039f0b17696ec629a7', 'a9ad04a95ba4be33bdc94c18f8f6bb5a', '1550343195999727618', '1550343195391553538', 2, 'C', 2);
INSERT INTO `t_exam_qu_answer` VALUES ('2a536ce0ae0dad5401675e7a40976869', 'a9ad04a95ba4be33bdc94c18f8f6bb5a', '1588897199394201601', '1588897199314509826', 0, 'A', 2);
INSERT INTO `t_exam_qu_answer` VALUES ('2b84f2752bc472535612e51fdf05c9f6', 'a9ad04a95ba4be33bdc94c18f8f6bb5a', '1588897199402590209', '1588897199314509826', 2, 'C', 2);
INSERT INTO `t_exam_qu_answer` VALUES ('2bdaf77d4ca2fb31f12be7fd23aaf2aa', '65f15365c34d05fea272a2c15f16a5d0', '1588897199402590209', '1588897199314509826', 2, 'C', 1);
INSERT INTO `t_exam_qu_answer` VALUES ('2c020b43caabce029d49fb264f483018', '2187b4dcc1e86dd7bb4e2d031c691969', '1550342872073629698', '1550342870903418882', 2, 'C', 0);
INSERT INTO `t_exam_qu_answer` VALUES ('300bcfe9443947fbd5f7165f618e6883', 'a9ad04a95ba4be33bdc94c18f8f6bb5a', '1550342872073629699', '1550342870903418882', 3, 'D', 0);
INSERT INTO `t_exam_qu_answer` VALUES ('301bfb017c40ac6fb59ed5e7f7804a9f', 'd1fe3939247b15c771a6158f2c0bed2b', '1588088508591939585', '1588088507946016769', 0, 'A', 2);
INSERT INTO `t_exam_qu_answer` VALUES ('32162740314060f7b0f173946cd02aa1', 'd1fe3939247b15c771a6158f2c0bed2b', '1588897199402590210', '1588897199314509826', 3, 'D', 2);
INSERT INTO `t_exam_qu_answer` VALUES ('323ee2e55d00dddeaefb4e809ae0a94c', 'd1fe3939247b15c771a6158f2c0bed2b', '1588897199402590209', '1588897199314509826', 2, 'C', 2);
INSERT INTO `t_exam_qu_answer` VALUES ('332eba1834d2d741d05dcd0e52af2150', '2187b4dcc1e86dd7bb4e2d031c691969', '1589576600217829378', '1589576599081172994', 2, 'C', 0);
INSERT INTO `t_exam_qu_answer` VALUES ('3347e762c2c8dfae290629f883ac93c0', 'a9ad04a95ba4be33bdc94c18f8f6bb5a', '1550343195999727618', '1550343195391553538', 2, 'C', 2);
INSERT INTO `t_exam_qu_answer` VALUES ('342eaef94fcad722cf7252799089a7f7', 'a9ad04a95ba4be33bdc94c18f8f6bb5a', '1550343195987144706', '1550343195391553538', 0, 'A', 2);
INSERT INTO `t_exam_qu_answer` VALUES ('366da1452a0bf20a590a0480bcb6f411', 'd1fe3939247b15c771a6158f2c0bed2b', '1588897199398395905', '1588897199314509826', 1, 'B', 2);
INSERT INTO `t_exam_qu_answer` VALUES ('373aa2cfda537cda820667f5204e308d', 'a9ad04a95ba4be33bdc94c18f8f6bb5a', '1550343195995533313', '1550343195391553538', 1, 'B', 2);
INSERT INTO `t_exam_qu_answer` VALUES ('377f9a59581a455facdd8cdad750e881', 'a9ad04a95ba4be33bdc94c18f8f6bb5a', '1588897199394201601', '1588897199314509826', 0, 'A', 2);
INSERT INTO `t_exam_qu_answer` VALUES ('382c5a09d8be4a99f751f764ad2312a4', 'a9ad04a95ba4be33bdc94c18f8f6bb5a', '1588897199402590210', '1588897199314509826', 3, 'D', 2);
INSERT INTO `t_exam_qu_answer` VALUES ('385ea5a9839c07e8fc06db879c33773c', 'a9ad04a95ba4be33bdc94c18f8f6bb5a', '1588897199394201601', '1588897199314509826', 0, 'A', 2);
INSERT INTO `t_exam_qu_answer` VALUES ('396b78eb3305d6323031bab1d238c696', 'a9ad04a95ba4be33bdc94c18f8f6bb5a', '1589576600217829377', '1589576599081172994', 1, 'B', 0);
INSERT INTO `t_exam_qu_answer` VALUES ('3976986e4fc9c9b6371a0c0ae36758b0', '2187b4dcc1e86dd7bb4e2d031c691969', '1550343195995533313', '1550343195391553538', 1, 'B', 0);
INSERT INTO `t_exam_qu_answer` VALUES ('3a8bd8b81e00d21a16a094679a311740', 'a9ad04a95ba4be33bdc94c18f8f6bb5a', '1588897199394201601', '1588897199314509826', 0, 'A', 2);
INSERT INTO `t_exam_qu_answer` VALUES ('3ad4d18b96ce1a984349892e9b31f122', 'a9ad04a95ba4be33bdc94c18f8f6bb5a', '1589584331305762817', '1589584331251236866', 1, 'B', 0);
INSERT INTO `t_exam_qu_answer` VALUES ('3c93655a1fd0c8427effd6f74cdac591', 'a9ad04a95ba4be33bdc94c18f8f6bb5a', '1550342872061046785', '1550342870903418882', 0, 'A', 2);
INSERT INTO `t_exam_qu_answer` VALUES ('3f6fe525093ca9922082c740a604e86a', 'd1fe3939247b15c771a6158f2c0bed2b', '1588897199398395905', '1588897199314509826', 1, 'B', 2);
INSERT INTO `t_exam_qu_answer` VALUES ('40510b3322cefa1a69fe30c374baab08', '65f15365c34d05fea272a2c15f16a5d0', '1591012844361535490', '1591012842625093634', 0, 'A', 1);
INSERT INTO `t_exam_qu_answer` VALUES ('407640b867aab8d730a716199118c73c', 'a9ad04a95ba4be33bdc94c18f8f6bb5a', '1550343195987144706', '1550343195391553538', 0, 'A', 2);
INSERT INTO `t_exam_qu_answer` VALUES ('4080b5aa51cc0b34881d93c8d476021b', '2187b4dcc1e86dd7bb4e2d031c691969', '1550342872069435393', '1550342870903418882', 1, 'B', 0);
INSERT INTO `t_exam_qu_answer` VALUES ('4246a8dc4ea0504628f06470171d558b', 'd0e0a8fa212aca71ec1d7da2861ad699', '1589576600205246466', '1589576599081172994', 0, 'A', 0);
INSERT INTO `t_exam_qu_answer` VALUES ('42a1026ebea4d8f84a13548d9ed3eb37', 'a9ad04a95ba4be33bdc94c18f8f6bb5a', '1588088508604522498', '1588088507946016769', 1, 'B', 2);
INSERT INTO `t_exam_qu_answer` VALUES ('432c0b3ec86cb4b748f586f7b81f968c', 'a9ad04a95ba4be33bdc94c18f8f6bb5a', '1550342872073629699', '1550342870903418882', 3, 'D', 2);
INSERT INTO `t_exam_qu_answer` VALUES ('45f4baef2f17c43c2285f179cbf4d6b5', 'a9ad04a95ba4be33bdc94c18f8f6bb5a', '1550343195999727618', '1550343195391553538', 2, 'C', 2);
INSERT INTO `t_exam_qu_answer` VALUES ('473bf6a5dd29657f352bc95cff90b68a', 'd1fe3939247b15c771a6158f2c0bed2b', '1588897199394201601', '1588897199314509826', 0, 'A', 2);
INSERT INTO `t_exam_qu_answer` VALUES ('47c80a6e8fd4ee96a6e5725a9db9b2d6', 'a9ad04a95ba4be33bdc94c18f8f6bb5a', '1550343195995533313', '1550343195391553538', 1, 'B', 0);
INSERT INTO `t_exam_qu_answer` VALUES ('48c41347c7879516770193240c31be39', 'a9ad04a95ba4be33bdc94c18f8f6bb5a', '1550343196008116225', '1550343195391553538', 3, 'D', 2);
INSERT INTO `t_exam_qu_answer` VALUES ('497e43afcb4d62400bde7116f2b403b9', '2187b4dcc1e86dd7bb4e2d031c691969', '1550342872061046785', '1550342870903418882', 0, 'A', 0);
INSERT INTO `t_exam_qu_answer` VALUES ('498eee586758232f540872b989e40482', 'a9ad04a95ba4be33bdc94c18f8f6bb5a', '1550343195995533313', '1550343195391553538', 1, 'B', 2);
INSERT INTO `t_exam_qu_answer` VALUES ('49a1fab622c9cfa88c674eb513ffc15a', 'e22759f5f04ccc9d2902e6979b62c9cb', '1588088508591939585', '1588088507946016769', 0, 'A', 2);
INSERT INTO `t_exam_qu_answer` VALUES ('49d3f8cbdfbd1d4253b630de21e61525', '65f15365c34d05fea272a2c15f16a5d0', '1550343196008116225', '1550343195391553538', 3, 'D', 1);
INSERT INTO `t_exam_qu_answer` VALUES ('4aa334c1552a04abe28f10f940246c86', 'a9ad04a95ba4be33bdc94c18f8f6bb5a', '1588897199398395905', '1588897199314509826', 1, 'B', 2);
INSERT INTO `t_exam_qu_answer` VALUES ('4dd51ec7e0135f92f089d32c92f3b324', 'a9ad04a95ba4be33bdc94c18f8f6bb5a', '1588088508591939585', '1588088507946016769', 0, 'A', 2);
INSERT INTO `t_exam_qu_answer` VALUES ('4df653eb0eb03ea3a7932d4902761e9d', '2e02fc5a98351fad1dff699b134da889', '1588897199394201601', '1588897199314509826', 0, 'A', 0);
INSERT INTO `t_exam_qu_answer` VALUES ('4eac5ab5a372dcbd89e4ace9dde03953', 'd1fe3939247b15c771a6158f2c0bed2b', '1588088508604522498', '1588088507946016769', 1, 'B', 2);
INSERT INTO `t_exam_qu_answer` VALUES ('524592c78b06c1b318085c77a46df735', 'a9ad04a95ba4be33bdc94c18f8f6bb5a', '1588088508604522498', '1588088507946016769', 1, 'B', 2);
INSERT INTO `t_exam_qu_answer` VALUES ('53523434d1146dc8d157b70a41943e0d', 'a9ad04a95ba4be33bdc94c18f8f6bb5a', '1588088508591939585', '1588088507946016769', 0, 'A', 2);
INSERT INTO `t_exam_qu_answer` VALUES ('54629d0ff842efcce470a0971d6e0da6', '65f15365c34d05fea272a2c15f16a5d0', '1589584331301568513', '1589584331251236866', 0, 'A', 1);
INSERT INTO `t_exam_qu_answer` VALUES ('56b9ac4881e5154e0a023f774d88f77c', 'a9ad04a95ba4be33bdc94c18f8f6bb5a', '1588897199402590210', '1588897199314509826', 3, 'D', 2);
INSERT INTO `t_exam_qu_answer` VALUES ('57af5a38352c1107351597c38bd577cd', 'a9ad04a95ba4be33bdc94c18f8f6bb5a', '1589576600205246466', '1589576599081172994', 0, 'A', 0);
INSERT INTO `t_exam_qu_answer` VALUES ('57bab1cfdc3a725d58b40786b667f4f8', 'a9ad04a95ba4be33bdc94c18f8f6bb5a', '1589576600205246466', '1589576599081172994', 0, 'A', 2);
INSERT INTO `t_exam_qu_answer` VALUES ('57e37bde53f15534c0a0184fc4b0900e', '2e02fc5a98351fad1dff699b134da889', '1589584331305762817', '1589584331251236866', 1, 'B', 0);
INSERT INTO `t_exam_qu_answer` VALUES ('587b381826d86cb61588853e60efb0e8', 'a9ad04a95ba4be33bdc94c18f8f6bb5a', '1588897199402590210', '1588897199314509826', 3, 'D', 0);
INSERT INTO `t_exam_qu_answer` VALUES ('590caec528046356dc2dcb4510df75d6', '2187b4dcc1e86dd7bb4e2d031c691969', '1589584331301568513', '1589584331251236866', 0, 'A', 0);
INSERT INTO `t_exam_qu_answer` VALUES ('5a441b5ebe0159f37ffd4fe5c4886e9e', 'a9ad04a95ba4be33bdc94c18f8f6bb5a', '1550342872061046785', '1550342870903418882', 0, 'A', 0);
INSERT INTO `t_exam_qu_answer` VALUES ('5adf5c0c424ddfeb406730941608c3ff', 'a9ad04a95ba4be33bdc94c18f8f6bb5a', '1550343196008116225', '1550343195391553538', 3, 'D', 2);
INSERT INTO `t_exam_qu_answer` VALUES ('5b8059431ca4b74f4e5ba4c1c065bb6c', 'd1fe3939247b15c771a6158f2c0bed2b', '1588897199394201601', '1588897199314509826', 0, 'A', 0);
INSERT INTO `t_exam_qu_answer` VALUES ('5bf63ae2c9df45d1d41f10ee626ee2ac', '2e02fc5a98351fad1dff699b134da889', '1589576600205246466', '1589576599081172994', 0, 'A', 0);
INSERT INTO `t_exam_qu_answer` VALUES ('5c0e9a24e98443f0fb41d90f5041235b', 'e22759f5f04ccc9d2902e6979b62c9cb', '1588897199398395905', '1588897199314509826', 1, 'B', 2);
INSERT INTO `t_exam_qu_answer` VALUES ('5c66d4ad487d4fd80f6cd428af8dd4c6', 'd1fe3939247b15c771a6158f2c0bed2b', '1588897199398395905', '1588897199314509826', 1, 'B', 0);
INSERT INTO `t_exam_qu_answer` VALUES ('5d8d9ac53f22cc6c4dfd338e7810548a', '65f15365c34d05fea272a2c15f16a5d0', '1589576600217829379', '1589576599081172994', 3, 'D', 1);
INSERT INTO `t_exam_qu_answer` VALUES ('5f784e9f1c567c27dc0b0a5c726b1579', 'a9ad04a95ba4be33bdc94c18f8f6bb5a', '1550342872061046785', '1550342870903418882', 0, 'A', 2);
INSERT INTO `t_exam_qu_answer` VALUES ('610208fb8a2f62971231e00166ef5e79', 'a9ad04a95ba4be33bdc94c18f8f6bb5a', '1550343196008116225', '1550343195391553538', 3, 'D', 2);
INSERT INTO `t_exam_qu_answer` VALUES ('61c99334abc8c74c4ec1f26458c36bd7', '65f15365c34d05fea272a2c15f16a5d0', '1550342872061046785', '1550342870903418882', 0, 'A', 1);
INSERT INTO `t_exam_qu_answer` VALUES ('648a5d4d2416d80f9594aa37bba14b04', '2e02fc5a98351fad1dff699b134da889', '1588897199398395905', '1588897199314509826', 1, 'B', 0);
INSERT INTO `t_exam_qu_answer` VALUES ('64d2e5c2305e8b09fd27a7cb01630767', 'a9ad04a95ba4be33bdc94c18f8f6bb5a', '1588897199394201601', '1588897199314509826', 0, 'A', 2);
INSERT INTO `t_exam_qu_answer` VALUES ('64d818569af3b0285db7744a8fa5f3d9', 'a9ad04a95ba4be33bdc94c18f8f6bb5a', '1550343195987144706', '1550343195391553538', 0, 'A', 2);
INSERT INTO `t_exam_qu_answer` VALUES ('64e7064d33f789478979516781dd11ba', 'a9ad04a95ba4be33bdc94c18f8f6bb5a', '1550342872073629699', '1550342870903418882', 3, 'D', 2);
INSERT INTO `t_exam_qu_answer` VALUES ('67e837551f759db093c53561f8467dd8', 'd1fe3939247b15c771a6158f2c0bed2b', '1588088508604522498', '1588088507946016769', 1, 'B', 2);
INSERT INTO `t_exam_qu_answer` VALUES ('68198b5ffccc6bc7cdae9b8c8d3f989c', '65f15365c34d05fea272a2c15f16a5d0', '1591012985629888514', '1591012984707141633', 0, 'A', 1);
INSERT INTO `t_exam_qu_answer` VALUES ('686cbb83862b177103da058fb3c637d8', 'a9ad04a95ba4be33bdc94c18f8f6bb5a', '1589576600217829379', '1589576599081172994', 3, 'D', 0);
INSERT INTO `t_exam_qu_answer` VALUES ('687118982eed1db2ad14909510a7dd31', '2e02fc5a98351fad1dff699b134da889', '1589576600217829378', '1589576599081172994', 2, 'C', 0);
INSERT INTO `t_exam_qu_answer` VALUES ('68b7b1a8221387fe34a3e4b04bc43b94', 'd1fe3939247b15c771a6158f2c0bed2b', '1588897199402590209', '1588897199314509826', 2, 'C', 2);
INSERT INTO `t_exam_qu_answer` VALUES ('68c2c06c79e176e29d0ca370a5329c6a', '2187b4dcc1e86dd7bb4e2d031c691969', '1589576600205246466', '1589576599081172994', 0, 'A', 0);
INSERT INTO `t_exam_qu_answer` VALUES ('6ab49d4e0891e67857dc2be322411e22', 'a9ad04a95ba4be33bdc94c18f8f6bb5a', '1550342872073629698', '1550342870903418882', 2, 'C', 2);
INSERT INTO `t_exam_qu_answer` VALUES ('6dceac6d11c2a79eb3881c773bf368cf', 'a9ad04a95ba4be33bdc94c18f8f6bb5a', '1550343196008116225', '1550343195391553538', 3, 'D', 2);
INSERT INTO `t_exam_qu_answer` VALUES ('6eeb0418991d0c1c9c3def33180aca18', 'a9ad04a95ba4be33bdc94c18f8f6bb5a', '1588088508604522498', '1588088507946016769', 1, 'B', 0);
INSERT INTO `t_exam_qu_answer` VALUES ('708b31ef11e903477823334260610116', 'a9ad04a95ba4be33bdc94c18f8f6bb5a', '1550343195999727618', '1550343195391553538', 2, 'C', 2);
INSERT INTO `t_exam_qu_answer` VALUES ('713914209462bc08c7509db80ebecfd9', 'e22759f5f04ccc9d2902e6979b62c9cb', '1588897199394201601', '1588897199314509826', 0, 'A', 2);
INSERT INTO `t_exam_qu_answer` VALUES ('7165f23c563a0d3b31f59d97bb53f814', 'd1fe3939247b15c771a6158f2c0bed2b', '1588897199394201601', '1588897199314509826', 0, 'A', 2);
INSERT INTO `t_exam_qu_answer` VALUES ('721628695ec75e3e418e6c30d41dd2c1', 'a9ad04a95ba4be33bdc94c18f8f6bb5a', '1588897199398395905', '1588897199314509826', 1, 'B', 2);
INSERT INTO `t_exam_qu_answer` VALUES ('72b93dbfb5c5297a9608c31b3a339068', 'a9ad04a95ba4be33bdc94c18f8f6bb5a', '1550342872069435393', '1550342870903418882', 1, 'B', 2);
INSERT INTO `t_exam_qu_answer` VALUES ('74207390200edd4ccb7c7bd2f34f9470', 'a9ad04a95ba4be33bdc94c18f8f6bb5a', '1588897199398395905', '1588897199314509826', 1, 'B', 0);
INSERT INTO `t_exam_qu_answer` VALUES ('746ced0ba2c72315905ed7932222521f', '2187b4dcc1e86dd7bb4e2d031c691969', '1589576600217829379', '1589576599081172994', 3, 'D', 0);
INSERT INTO `t_exam_qu_answer` VALUES ('74a8bbbce7b7004e58fb170cbb30c4a4', '2187b4dcc1e86dd7bb4e2d031c691969', '1550342872073629699', '1550342870903418882', 3, 'D', 0);
INSERT INTO `t_exam_qu_answer` VALUES ('74b1dd6b09052124a811505958bde7af', '65f15365c34d05fea272a2c15f16a5d0', '1588088508604522498', '1588088507946016769', 1, 'B', 1);
INSERT INTO `t_exam_qu_answer` VALUES ('755710ed01ffe000a4097a5bdcb51435', '2187b4dcc1e86dd7bb4e2d031c691969', '1550343196008116225', '1550343195391553538', 3, 'D', 0);
INSERT INTO `t_exam_qu_answer` VALUES ('75de2bcd12736a7ae4caf82f5003315c', 'd0e0a8fa212aca71ec1d7da2861ad699', '1589576600217829378', '1589576599081172994', 2, 'C', 0);
INSERT INTO `t_exam_qu_answer` VALUES ('7603d871da4035ccb20bc28b8f785f42', 'a9ad04a95ba4be33bdc94c18f8f6bb5a', '1550342872073629699', '1550342870903418882', 3, 'D', 2);
INSERT INTO `t_exam_qu_answer` VALUES ('76c329f82e1b72a92145dbe4aeadf70e', 'a9ad04a95ba4be33bdc94c18f8f6bb5a', '1550342872069435393', '1550342870903418882', 1, 'B', 2);
INSERT INTO `t_exam_qu_answer` VALUES ('774f63c63efbe4834377c85f3f9ad08c', 'a9ad04a95ba4be33bdc94c18f8f6bb5a', '1550342872073629699', '1550342870903418882', 3, 'D', 2);
INSERT INTO `t_exam_qu_answer` VALUES ('782ac2a8ce61089f641e6176cba70640', 'a9ad04a95ba4be33bdc94c18f8f6bb5a', '1550343195999727618', '1550343195391553538', 2, 'C', 2);
INSERT INTO `t_exam_qu_answer` VALUES ('78771cebb7bc5a0c115799bf40b353f4', 'd1fe3939247b15c771a6158f2c0bed2b', '1588088508604522498', '1588088507946016769', 1, 'B', 0);
INSERT INTO `t_exam_qu_answer` VALUES ('78f7083c9524996051aaa919b0c60126', 'd1fe3939247b15c771a6158f2c0bed2b', '1588088508591939585', '1588088507946016769', 0, 'A', 0);
INSERT INTO `t_exam_qu_answer` VALUES ('79fe62833e11434de3556c3c6732e6ae', 'a9ad04a95ba4be33bdc94c18f8f6bb5a', '1550342872073629699', '1550342870903418882', 3, 'D', 2);
INSERT INTO `t_exam_qu_answer` VALUES ('7a86251927fb78c8be496ba893e91358', 'd1fe3939247b15c771a6158f2c0bed2b', '1588088508604522498', '1588088507946016769', 1, 'B', 2);
INSERT INTO `t_exam_qu_answer` VALUES ('7adc6b26f012413ad6326ea8776e16e4', 'a9ad04a95ba4be33bdc94c18f8f6bb5a', '1588897199402590209', '1588897199314509826', 2, 'C', 2);
INSERT INTO `t_exam_qu_answer` VALUES ('7beca0c92bc283571e839af730f07772', 'a9ad04a95ba4be33bdc94c18f8f6bb5a', '1550342872073629698', '1550342870903418882', 2, 'C', 2);
INSERT INTO `t_exam_qu_answer` VALUES ('7ce8e60aea33a4fe98ff3b7747f9dfc7', 'a9ad04a95ba4be33bdc94c18f8f6bb5a', '1588897199398395905', '1588897199314509826', 1, 'B', 2);
INSERT INTO `t_exam_qu_answer` VALUES ('7ebf32e9d2d6f109a1a29463f7059722', 'a9ad04a95ba4be33bdc94c18f8f6bb5a', '1588897199398395905', '1588897199314509826', 1, 'B', 2);
INSERT INTO `t_exam_qu_answer` VALUES ('810b150ae592d3d81c95ee8838d32261', '2187b4dcc1e86dd7bb4e2d031c691969', '1588897199402590210', '1588897199314509826', 3, 'D', 0);
INSERT INTO `t_exam_qu_answer` VALUES ('81a5644d666db28f18d1a3989e92104d', 'a9ad04a95ba4be33bdc94c18f8f6bb5a', '1588897199402590209', '1588897199314509826', 2, 'C', 2);
INSERT INTO `t_exam_qu_answer` VALUES ('824bcb4a523c80e7cef75c1ba65df950', 'd1fe3939247b15c771a6158f2c0bed2b', '1588088508591939585', '1588088507946016769', 0, 'A', 2);
INSERT INTO `t_exam_qu_answer` VALUES ('849cbba447e30e83a000bc6a772d90ba', 'a9ad04a95ba4be33bdc94c18f8f6bb5a', '1588088508604522498', '1588088507946016769', 1, 'B', 2);
INSERT INTO `t_exam_qu_answer` VALUES ('851f91d88bed82c5adbabbd4a8127cef', '65f15365c34d05fea272a2c15f16a5d0', '1591006013421522945', '1591006011991265282', 1, 'B', 1);
INSERT INTO `t_exam_qu_answer` VALUES ('86f509c6934d479992734a1b11523639', 'a9ad04a95ba4be33bdc94c18f8f6bb5a', '1588897199398395905', '1588897199314509826', 1, 'B', 2);
INSERT INTO `t_exam_qu_answer` VALUES ('87d76b548fb9202544cf41357e3226cd', '65f15365c34d05fea272a2c15f16a5d0', '1589576600217829378', '1589576599081172994', 2, 'C', 1);
INSERT INTO `t_exam_qu_answer` VALUES ('88366ef93ca57850725b2e9bf6d64954', 'a9ad04a95ba4be33bdc94c18f8f6bb5a', '1588897199402590209', '1588897199314509826', 2, 'C', 2);
INSERT INTO `t_exam_qu_answer` VALUES ('8b43fa0b91e02ab8666149f113e5a0da', 'd0e0a8fa212aca71ec1d7da2861ad699', '1589584331305762817', '1589584331251236866', 1, 'B', 0);
INSERT INTO `t_exam_qu_answer` VALUES ('8b898a1543895622ca78e31f859ac4f8', 'a9ad04a95ba4be33bdc94c18f8f6bb5a', '1550342872061046785', '1550342870903418882', 0, 'A', 2);
INSERT INTO `t_exam_qu_answer` VALUES ('8d046e007dc8715415b120354463663d', 'd1fe3939247b15c771a6158f2c0bed2b', '1588897199402590210', '1588897199314509826', 3, 'D', 2);
INSERT INTO `t_exam_qu_answer` VALUES ('8db3df97159927947adeb071a23acb0a', 'd1fe3939247b15c771a6158f2c0bed2b', '1588897199402590209', '1588897199314509826', 2, 'C', 2);
INSERT INTO `t_exam_qu_answer` VALUES ('8de9fe82e0931ad47dc6b66967c6340a', 'd1fe3939247b15c771a6158f2c0bed2b', '1588897199402590210', '1588897199314509826', 3, 'D', 2);
INSERT INTO `t_exam_qu_answer` VALUES ('8f19e1c29a89505923795913fe4eb3f4', 'a9ad04a95ba4be33bdc94c18f8f6bb5a', '1550343195987144706', '1550343195391553538', 0, 'A', 2);
INSERT INTO `t_exam_qu_answer` VALUES ('8f5ee24db744e1bd0cd8b2be924a0e4d', 'a9ad04a95ba4be33bdc94c18f8f6bb5a', '1550343195987144706', '1550343195391553538', 0, 'A', 2);
INSERT INTO `t_exam_qu_answer` VALUES ('8ff4f64f10274ab3bd45c6f78ed3a67d', '2187b4dcc1e86dd7bb4e2d031c691969', '1588897199394201601', '1588897199314509826', 0, 'A', 0);
INSERT INTO `t_exam_qu_answer` VALUES ('90a49f2339ae7dbdc99c00aa14ded313', 'a9ad04a95ba4be33bdc94c18f8f6bb5a', '1550342872073629698', '1550342870903418882', 2, 'C', 0);
INSERT INTO `t_exam_qu_answer` VALUES ('93debd5143106a8968fcd96a9487b76b', 'a9ad04a95ba4be33bdc94c18f8f6bb5a', '1550342872073629698', '1550342870903418882', 2, 'C', 2);
INSERT INTO `t_exam_qu_answer` VALUES ('9432a7162f4b88f3324c50788c916758', 'a9ad04a95ba4be33bdc94c18f8f6bb5a', '1588897199402590210', '1588897199314509826', 3, 'D', 2);
INSERT INTO `t_exam_qu_answer` VALUES ('94f7f7f93ec5a80a7709a3f1400e993a', 'a9ad04a95ba4be33bdc94c18f8f6bb5a', '1550342872069435393', '1550342870903418882', 1, 'B', 2);
INSERT INTO `t_exam_qu_answer` VALUES ('95743ffafa1e8fd4cf1743ffc0720ffd', 'a9ad04a95ba4be33bdc94c18f8f6bb5a', '1550343196008116225', '1550343195391553538', 3, 'D', 2);
INSERT INTO `t_exam_qu_answer` VALUES ('973baf8becfe083917bd9e04f16ba40a', 'd1fe3939247b15c771a6158f2c0bed2b', '1588088508591939585', '1588088507946016769', 0, 'A', 2);
INSERT INTO `t_exam_qu_answer` VALUES ('9a5bb42859a060ab402d341eac7f0c0e', 'a9ad04a95ba4be33bdc94c18f8f6bb5a', '1550343195995533313', '1550343195391553538', 1, 'B', 2);
INSERT INTO `t_exam_qu_answer` VALUES ('9b462cc3861a9476dc4e715749d3abde', 'a9ad04a95ba4be33bdc94c18f8f6bb5a', '1550342872073629699', '1550342870903418882', 3, 'D', 2);
INSERT INTO `t_exam_qu_answer` VALUES ('9b81c388dff9ae5ded08433ab19d3901', 'd1fe3939247b15c771a6158f2c0bed2b', '1588088508591939585', '1588088507946016769', 0, 'A', 2);
INSERT INTO `t_exam_qu_answer` VALUES ('9d12a45375a6d5a027c4798ff271c366', '65f15365c34d05fea272a2c15f16a5d0', '1589576600217829377', '1589576599081172994', 1, 'B', 1);
INSERT INTO `t_exam_qu_answer` VALUES ('9ea6f2817cc245e04212c2ed3342222f', '65f15365c34d05fea272a2c15f16a5d0', '1591012844374118402', '1591012842625093634', 2, 'C', 1);
INSERT INTO `t_exam_qu_answer` VALUES ('9eba449c648369a06e195fcb8ad441bb', '65f15365c34d05fea272a2c15f16a5d0', '1550343195987144706', '1550343195391553538', 0, 'A', 1);
INSERT INTO `t_exam_qu_answer` VALUES ('a08ddaf309798b6e899594acbbff9063', '2187b4dcc1e86dd7bb4e2d031c691969', '1588088508604522498', '1588088507946016769', 1, 'B', 0);
INSERT INTO `t_exam_qu_answer` VALUES ('a09e640c7798b8e87cede757c9a54723', 'a9ad04a95ba4be33bdc94c18f8f6bb5a', '1550342872061046785', '1550342870903418882', 0, 'A', 2);
INSERT INTO `t_exam_qu_answer` VALUES ('a0dfd511c17c31de18909c7effe09aba', 'a9ad04a95ba4be33bdc94c18f8f6bb5a', '1588897199402590209', '1588897199314509826', 2, 'C', 2);
INSERT INTO `t_exam_qu_answer` VALUES ('a2429a08e68c1b3da2371c69549b101a', '2187b4dcc1e86dd7bb4e2d031c691969', '1550343195999727618', '1550343195391553538', 2, 'C', 0);
INSERT INTO `t_exam_qu_answer` VALUES ('a3ff4db84ceb6e2cec917fb8faf87e18', 'a9ad04a95ba4be33bdc94c18f8f6bb5a', '1589576600217829378', '1589576599081172994', 2, 'C', 2);
INSERT INTO `t_exam_qu_answer` VALUES ('a4779c8edf1087a2c8bf0030aa013dab', 'a9ad04a95ba4be33bdc94c18f8f6bb5a', '1550342872069435393', '1550342870903418882', 1, 'B', 2);
INSERT INTO `t_exam_qu_answer` VALUES ('a4b870cf860e4c34cc575ce308180436', 'a9ad04a95ba4be33bdc94c18f8f6bb5a', '1588088508591939585', '1588088507946016769', 0, 'A', 2);
INSERT INTO `t_exam_qu_answer` VALUES ('a6791a47a2e2547681e0cf3fd61ddfc8', 'a9ad04a95ba4be33bdc94c18f8f6bb5a', '1588897199394201601', '1588897199314509826', 0, 'A', 0);
INSERT INTO `t_exam_qu_answer` VALUES ('a822945ed470ba437b9137837dc78d90', 'a9ad04a95ba4be33bdc94c18f8f6bb5a', '1588897199394201601', '1588897199314509826', 0, 'A', 2);
INSERT INTO `t_exam_qu_answer` VALUES ('a8643e7a0f3ecff1722702e4caf8da54', '65f15365c34d05fea272a2c15f16a5d0', '1589576600205246466', '1589576599081172994', 0, 'A', 1);
INSERT INTO `t_exam_qu_answer` VALUES ('a8b45e3f00222739002e43f46ffed2f7', '65f15365c34d05fea272a2c15f16a5d0', '1588897199398395905', '1588897199314509826', 1, 'B', 1);
INSERT INTO `t_exam_qu_answer` VALUES ('a9e9f32a3373be88952ee4280af094aa', 'a9ad04a95ba4be33bdc94c18f8f6bb5a', '1550342872073629698', '1550342870903418882', 2, 'C', 2);
INSERT INTO `t_exam_qu_answer` VALUES ('ad7cca7a42b437fe0e9df7cc54ccc4d9', 'a9ad04a95ba4be33bdc94c18f8f6bb5a', '1550342872069435393', '1550342870903418882', 1, 'B', 0);
INSERT INTO `t_exam_qu_answer` VALUES ('ad802569422a373694627dc440f0f1ab', '2187b4dcc1e86dd7bb4e2d031c691969', '1589576600217829377', '1589576599081172994', 1, 'B', 0);
INSERT INTO `t_exam_qu_answer` VALUES ('add20f0f34193bd41cfb4842f5d3f650', '65f15365c34d05fea272a2c15f16a5d0', '1550342872073629698', '1550342870903418882', 2, 'C', 1);
INSERT INTO `t_exam_qu_answer` VALUES ('b4016d7f6a3cf798467c118da59a9acd', 'a9ad04a95ba4be33bdc94c18f8f6bb5a', '1588897199398395905', '1588897199314509826', 1, 'B', 2);
INSERT INTO `t_exam_qu_answer` VALUES ('b464f307471227d080f82040a942181e', 'd1fe3939247b15c771a6158f2c0bed2b', '1588897199402590209', '1588897199314509826', 2, 'C', 2);
INSERT INTO `t_exam_qu_answer` VALUES ('b5d41ffa1853ee1342c16660c97a9714', 'a9ad04a95ba4be33bdc94c18f8f6bb5a', '1550342872069435393', '1550342870903418882', 1, 'B', 2);
INSERT INTO `t_exam_qu_answer` VALUES ('b5f151151213d7737a3b41031b131dc5', 'a9ad04a95ba4be33bdc94c18f8f6bb5a', '1550343195987144706', '1550343195391553538', 0, 'A', 2);
INSERT INTO `t_exam_qu_answer` VALUES ('b8161cc9122a18cb4cddfc6d39c6cd4b', 'a9ad04a95ba4be33bdc94c18f8f6bb5a', '1588088508591939585', '1588088507946016769', 0, 'A', 2);
INSERT INTO `t_exam_qu_answer` VALUES ('b8daf9d05cfbb239f8e1c69b8ba38c02', 'a9ad04a95ba4be33bdc94c18f8f6bb5a', '1588897199402590210', '1588897199314509826', 3, 'D', 2);
INSERT INTO `t_exam_qu_answer` VALUES ('b9261ad598c718563a1a7675118b7ac1', 'a9ad04a95ba4be33bdc94c18f8f6bb5a', '1550343195999727618', '1550343195391553538', 2, 'C', 0);
INSERT INTO `t_exam_qu_answer` VALUES ('b96ccd1ce1e34ce57633ab347da393cf', 'a9ad04a95ba4be33bdc94c18f8f6bb5a', '1588897199402590210', '1588897199314509826', 3, 'D', 2);
INSERT INTO `t_exam_qu_answer` VALUES ('bbea13a2673892c8ab45a3f11fa7691d', 'a9ad04a95ba4be33bdc94c18f8f6bb5a', '1588897199402590210', '1588897199314509826', 3, 'D', 2);
INSERT INTO `t_exam_qu_answer` VALUES ('bd069cb329cd59de0cff09d8cbe2f5ad', '2187b4dcc1e86dd7bb4e2d031c691969', '1588088508591939585', '1588088507946016769', 0, 'A', 0);
INSERT INTO `t_exam_qu_answer` VALUES ('bd677c5c81df453650524539b62fbbf4', 'a9ad04a95ba4be33bdc94c18f8f6bb5a', '1589576600217829377', '1589576599081172994', 1, 'B', 2);
INSERT INTO `t_exam_qu_answer` VALUES ('bee0a8466a0067a6ea26a8f8694db462', '65f15365c34d05fea272a2c15f16a5d0', '1550342872069435393', '1550342870903418882', 1, 'B', 1);
INSERT INTO `t_exam_qu_answer` VALUES ('c132b973e1d50810909110aae6c638a6', 'd1fe3939247b15c771a6158f2c0bed2b', '1588897199402590210', '1588897199314509826', 3, 'D', 2);
INSERT INTO `t_exam_qu_answer` VALUES ('c174c8736fecfcffc5640e8764e52448', 'd1fe3939247b15c771a6158f2c0bed2b', '1588897199394201601', '1588897199314509826', 0, 'A', 2);
INSERT INTO `t_exam_qu_answer` VALUES ('c2a4f98fda90ef44c4ea1a8c25bfbdcf', 'd1fe3939247b15c771a6158f2c0bed2b', '1588088508591939585', '1588088507946016769', 0, 'A', 2);
INSERT INTO `t_exam_qu_answer` VALUES ('c2c84d1a58ee2714044aa5a067c6b304', 'd1fe3939247b15c771a6158f2c0bed2b', '1588897199398395905', '1588897199314509826', 1, 'B', 2);
INSERT INTO `t_exam_qu_answer` VALUES ('c2cd787607e64053eb9d5a97115d2f2f', 'a9ad04a95ba4be33bdc94c18f8f6bb5a', '1588897199402590209', '1588897199314509826', 2, 'C', 2);
INSERT INTO `t_exam_qu_answer` VALUES ('c41f57f95ad6bf8fb68747d26cde59ce', '2187b4dcc1e86dd7bb4e2d031c691969', '1589584331305762817', '1589584331251236866', 1, 'B', 0);
INSERT INTO `t_exam_qu_answer` VALUES ('c8b71641eee72da9bebf62a0ec973a8a', 'd1fe3939247b15c771a6158f2c0bed2b', '1588897199402590209', '1588897199314509826', 2, 'C', 0);
INSERT INTO `t_exam_qu_answer` VALUES ('ca3a28c82b54c3e94a95d2ab286ea5b5', 'a9ad04a95ba4be33bdc94c18f8f6bb5a', '1550343195999727618', '1550343195391553538', 2, 'C', 2);
INSERT INTO `t_exam_qu_answer` VALUES ('ca43db29ba0e996cb0cae85d80fead71', '65f15365c34d05fea272a2c15f16a5d0', '1550342872073629699', '1550342870903418882', 3, 'D', 1);
INSERT INTO `t_exam_qu_answer` VALUES ('cb182ca284273d9d530334f791ed2bf7', 'a9ad04a95ba4be33bdc94c18f8f6bb5a', '1588897199402590209', '1588897199314509826', 2, 'C', 0);
INSERT INTO `t_exam_qu_answer` VALUES ('cbaa1cc9498023fcfe5767610e015632', '65f15365c34d05fea272a2c15f16a5d0', '1591012844374118401', '1591012842625093634', 1, 'B', 1);
INSERT INTO `t_exam_qu_answer` VALUES ('cc929cfec653a3865e2b110f6b54f2e0', '2e02fc5a98351fad1dff699b134da889', '1589576600217829379', '1589576599081172994', 3, 'D', 0);
INSERT INTO `t_exam_qu_answer` VALUES ('ccda27c821a78ef454a8b048e9fea7fe', 'd1fe3939247b15c771a6158f2c0bed2b', '1588088508604522498', '1588088507946016769', 1, 'B', 2);
INSERT INTO `t_exam_qu_answer` VALUES ('ce149ba514d560f197dc9b5b4bd0bcbf', 'e22759f5f04ccc9d2902e6979b62c9cb', '1588088508604522498', '1588088507946016769', 1, 'B', 2);
INSERT INTO `t_exam_qu_answer` VALUES ('ce840f224d6ca7403a86b4f2e33d0dac', 'a9ad04a95ba4be33bdc94c18f8f6bb5a', '1588897199394201601', '1588897199314509826', 0, 'A', 2);
INSERT INTO `t_exam_qu_answer` VALUES ('cf5a6cf727d78aad5f6b84a61c21c61c', 'a9ad04a95ba4be33bdc94c18f8f6bb5a', '1550343196008116225', '1550343195391553538', 3, 'D', 0);
INSERT INTO `t_exam_qu_answer` VALUES ('d0ca00e554b988243c73f0ab2d394551', 'e22759f5f04ccc9d2902e6979b62c9cb', '1588897199402590210', '1588897199314509826', 3, 'D', 2);
INSERT INTO `t_exam_qu_answer` VALUES ('d1260aab8cfe7f59cae5ee5b2a009a20', '2e02fc5a98351fad1dff699b134da889', '1588897199402590209', '1588897199314509826', 2, 'C', 0);
INSERT INTO `t_exam_qu_answer` VALUES ('d129cb97f72ef441079008be097c521d', 'a9ad04a95ba4be33bdc94c18f8f6bb5a', '1550343195995533313', '1550343195391553538', 1, 'B', 2);
INSERT INTO `t_exam_qu_answer` VALUES ('d20f75c59078dbd0399533b1472a9140', 'd1fe3939247b15c771a6158f2c0bed2b', '1588897199398395905', '1588897199314509826', 1, 'B', 2);
INSERT INTO `t_exam_qu_answer` VALUES ('d2f8b1bf61e1f72f8b59ef81c6dc2862', 'a9ad04a95ba4be33bdc94c18f8f6bb5a', '1589576600217829379', '1589576599081172994', 3, 'D', 2);
INSERT INTO `t_exam_qu_answer` VALUES ('d45acc5af4a66e0c1f91231be70c648d', 'd1fe3939247b15c771a6158f2c0bed2b', '1588897199402590210', '1588897199314509826', 3, 'D', 2);
INSERT INTO `t_exam_qu_answer` VALUES ('d58a165b38b2f2f5c2d065050e1d1745', '65f15365c34d05fea272a2c15f16a5d0', '1550343195999727618', '1550343195391553538', 2, 'C', 1);
INSERT INTO `t_exam_qu_answer` VALUES ('d5c2ba7723fe9646777f019a9dd09a34', '65f15365c34d05fea272a2c15f16a5d0', '1588088508591939585', '1588088507946016769', 0, 'A', 1);
INSERT INTO `t_exam_qu_answer` VALUES ('d5d3fc381eb64c3d4e09cce4aac9185d', 'd1fe3939247b15c771a6158f2c0bed2b', '1588088508604522498', '1588088507946016769', 1, 'B', 2);
INSERT INTO `t_exam_qu_answer` VALUES ('d8dbdfba765773af83e890c1b5dc945e', '2187b4dcc1e86dd7bb4e2d031c691969', '1588897199402590209', '1588897199314509826', 2, 'C', 0);
INSERT INTO `t_exam_qu_answer` VALUES ('da53de6ed563c636ddb0adab0a01e331', 'a9ad04a95ba4be33bdc94c18f8f6bb5a', '1550342872073629698', '1550342870903418882', 2, 'C', 2);
INSERT INTO `t_exam_qu_answer` VALUES ('db2fc53e1cfacf3b5564056c642389e7', 'd1fe3939247b15c771a6158f2c0bed2b', '1588088508604522498', '1588088507946016769', 1, 'B', 2);
INSERT INTO `t_exam_qu_answer` VALUES ('dbc30d5604212148e6f33b8cf9dd4b6d', 'd0e0a8fa212aca71ec1d7da2861ad699', '1589576600217829377', '1589576599081172994', 1, 'B', 0);
INSERT INTO `t_exam_qu_answer` VALUES ('dce3c10a865d78837ac488d3c8dacaa4', '65f15365c34d05fea272a2c15f16a5d0', '1550343195995533313', '1550343195391553538', 1, 'B', 1);
INSERT INTO `t_exam_qu_answer` VALUES ('e034ad7561ae22ac18be9252cf9fcec1', 'a9ad04a95ba4be33bdc94c18f8f6bb5a', '1588897199398395905', '1588897199314509826', 1, 'B', 2);
INSERT INTO `t_exam_qu_answer` VALUES ('e056eced9608cb3eb0e6fe7e2caafd51', '2187b4dcc1e86dd7bb4e2d031c691969', '1550343195987144706', '1550343195391553538', 0, 'A', 0);
INSERT INTO `t_exam_qu_answer` VALUES ('e21ab7a1d96ee66b2ee6d2cf65591f79', 'd1fe3939247b15c771a6158f2c0bed2b', '1588088508591939585', '1588088507946016769', 0, 'A', 2);
INSERT INTO `t_exam_qu_answer` VALUES ('e4b96c00a58e26adac5100d6ec4e51d3', 'a9ad04a95ba4be33bdc94c18f8f6bb5a', '1550342872061046785', '1550342870903418882', 0, 'A', 2);
INSERT INTO `t_exam_qu_answer` VALUES ('e4e0056bccd2317e74463efb619f7bdd', 'a9ad04a95ba4be33bdc94c18f8f6bb5a', '1588088508591939585', '1588088507946016769', 0, 'A', 0);
INSERT INTO `t_exam_qu_answer` VALUES ('e61c48a67af9b9cbb0d3f8ee293b646c', 'a9ad04a95ba4be33bdc94c18f8f6bb5a', '1550342872061046785', '1550342870903418882', 0, 'A', 2);
INSERT INTO `t_exam_qu_answer` VALUES ('e7043d878cb63fb89e771f440042413d', 'a9ad04a95ba4be33bdc94c18f8f6bb5a', '1550342872061046785', '1550342870903418882', 0, 'A', 2);
INSERT INTO `t_exam_qu_answer` VALUES ('e87211148b4c03ff9530b0b14cb08e92', 'd1fe3939247b15c771a6158f2c0bed2b', '1588897199394201601', '1588897199314509826', 0, 'A', 2);
INSERT INTO `t_exam_qu_answer` VALUES ('e9c456d970f3e4b398df5da36b67739d', 'a9ad04a95ba4be33bdc94c18f8f6bb5a', '1589576600217829378', '1589576599081172994', 2, 'C', 0);
INSERT INTO `t_exam_qu_answer` VALUES ('eac056d196ae649a306066901ae755d3', 'd1fe3939247b15c771a6158f2c0bed2b', '1588897199394201601', '1588897199314509826', 0, 'A', 2);
INSERT INTO `t_exam_qu_answer` VALUES ('eaef804dd755774c2244d067dda228b1', 'd1fe3939247b15c771a6158f2c0bed2b', '1588897199402590210', '1588897199314509826', 3, 'D', 0);
INSERT INTO `t_exam_qu_answer` VALUES ('edc94cbd5e8f256d2d6846a7a3f2f67e', 'd1fe3939247b15c771a6158f2c0bed2b', '1588897199402590209', '1588897199314509826', 2, 'C', 2);
INSERT INTO `t_exam_qu_answer` VALUES ('ee008008800227b9b8fc6b63d2793507', 'a9ad04a95ba4be33bdc94c18f8f6bb5a', '1588897199402590209', '1588897199314509826', 2, 'C', 2);
INSERT INTO `t_exam_qu_answer` VALUES ('f070745a273e4cc442cbd5a8771643b5', 'd1fe3939247b15c771a6158f2c0bed2b', '1588897199402590210', '1588897199314509826', 3, 'D', 2);
INSERT INTO `t_exam_qu_answer` VALUES ('f37cfd4794d0166dcc64ca604b032aa7', '65f15365c34d05fea272a2c15f16a5d0', '1591012844378312706', '1591012842625093634', 3, 'D', 1);
INSERT INTO `t_exam_qu_answer` VALUES ('f46362c1b7528eee65e37662708f33e9', 'a9ad04a95ba4be33bdc94c18f8f6bb5a', '1588088508591939585', '1588088507946016769', 0, 'A', 2);
INSERT INTO `t_exam_qu_answer` VALUES ('f4bc4036cbfd53476bda4f85effa12b3', 'a9ad04a95ba4be33bdc94c18f8f6bb5a', '1550343195995533313', '1550343195391553538', 1, 'B', 2);
INSERT INTO `t_exam_qu_answer` VALUES ('f4fbd6062d5eca84d57bfc11ed7606c4', '2e02fc5a98351fad1dff699b134da889', '1589584331301568513', '1589584331251236866', 0, 'A', 0);
INSERT INTO `t_exam_qu_answer` VALUES ('f7b9c0d2d8f849885a80d415830e748a', 'e22759f5f04ccc9d2902e6979b62c9cb', '1588897199402590209', '1588897199314509826', 2, 'C', 2);
INSERT INTO `t_exam_qu_answer` VALUES ('f84ab6463dcc49ae1e40c4af811e9b8b', 'a9ad04a95ba4be33bdc94c18f8f6bb5a', '1550343196008116225', '1550343195391553538', 3, 'D', 2);
INSERT INTO `t_exam_qu_answer` VALUES ('f87bed75696cd52941c3b88fad68b28f', 'a9ad04a95ba4be33bdc94c18f8f6bb5a', '1550343196008116225', '1550343195391553538', 3, 'D', 2);
INSERT INTO `t_exam_qu_answer` VALUES ('f8a0ca9f0235e84c90bd73771cf22042', 'a9ad04a95ba4be33bdc94c18f8f6bb5a', '1588088508604522498', '1588088507946016769', 1, 'B', 2);
INSERT INTO `t_exam_qu_answer` VALUES ('f9ec8471cc46abf432ba9cca1f368dad', 'a9ad04a95ba4be33bdc94c18f8f6bb5a', '1550343195995533313', '1550343195391553538', 1, 'B', 2);
INSERT INTO `t_exam_qu_answer` VALUES ('fbc0216f5d117b74961787d5e2146e1f', 'd1fe3939247b15c771a6158f2c0bed2b', '1588897199398395905', '1588897199314509826', 1, 'B', 2);
INSERT INTO `t_exam_qu_answer` VALUES ('fc93b21c00cb550a6e2c34be55e788e9', 'd1fe3939247b15c771a6158f2c0bed2b', '1588897199398395905', '1588897199314509826', 1, 'B', 2);
INSERT INTO `t_exam_qu_answer` VALUES ('fe2e4fc54d6b458ae394272c14a823ba', 'd1fe3939247b15c771a6158f2c0bed2b', '1588897199402590209', '1588897199314509826', 2, 'C', 2);
INSERT INTO `t_exam_qu_answer` VALUES ('fe68a396b25d65ea3ef7b699b66c8d34', 'a9ad04a95ba4be33bdc94c18f8f6bb5a', '1550342872073629698', '1550342870903418882', 2, 'C', 2);

-- ----------------------------
-- Table structure for t_qu
-- ----------------------------
DROP TABLE IF EXISTS `t_qu`;
CREATE TABLE `t_qu`  (
  `id` varchar(64) CHARACTER SET utf8mb4 COLLATE utf8mb4_0900_ai_ci NOT NULL COMMENT '题目ID',
  `qu_type` int NOT NULL COMMENT '题目类型',
  `level` int NOT NULL DEFAULT 1 COMMENT '1普通,2较难',
  `content` varchar(2000) CHARACTER SET utf8mb4 COLLATE utf8mb4_0900_ai_ci NOT NULL COMMENT '题目内容',
  `create_time` datetime NOT NULL DEFAULT CURRENT_TIMESTAMP COMMENT '创建时间',
  `com_id` varchar(20) CHARACTER SET utf8mb4 COLLATE utf8mb4_0900_ai_ci NULL DEFAULT NULL COMMENT '租户id',
  PRIMARY KEY (`id`) USING BTREE
) ENGINE = InnoDB CHARACTER SET = utf8mb4 COLLATE = utf8mb4_0900_ai_ci COMMENT = '题目表' ROW_FORMAT = DYNAMIC;

-- ----------------------------
-- Records of t_qu
-- ----------------------------
INSERT INTO `t_qu` VALUES ('1550342870903418882', 1, 1, '垃圾可以分为几类？', '2022-11-03 00:21:26', NULL);
INSERT INTO `t_qu` VALUES ('1550343195391553538', 1, 1, '包了口香糖的纸巾属于哪一类垃圾？', '2022-11-03 00:21:26', NULL);
INSERT INTO `t_qu` VALUES ('1588088507946016769', 1, 1, '测试1？', '2022-11-03 16:39:40', NULL);
INSERT INTO `t_qu` VALUES ('1588897199314509826', 1, 1, '2321312312', '2022-11-05 22:13:07', '1667313936283198486');
INSERT INTO `t_qu` VALUES ('1589576599081172994', 2, 1, '您的月消费多用在哪些方面', '2022-11-07 19:12:48', '1667313936283198486');
INSERT INTO `t_qu` VALUES ('1589584331251236866', 3, 1, '123', '2022-11-07 19:43:32', '1667313936283198486');
INSERT INTO `t_qu` VALUES ('1591006011991265282', 2, 1, '测试13', '2022-11-11 17:52:47', NULL);
INSERT INTO `t_qu` VALUES ('1591012842625093634', 1, 1, '123', '2022-11-11 18:19:56', NULL);

-- ----------------------------
-- Table structure for t_qu_answer
-- ----------------------------
DROP TABLE IF EXISTS `t_qu_answer`;
CREATE TABLE `t_qu_answer`  (
  `id` varchar(64) CHARACTER SET utf8mb4 COLLATE utf8mb4_0900_ai_ci NOT NULL COMMENT '答案ID',
  `qu_id` varchar(64) CHARACTER SET utf8mb4 COLLATE utf8mb4_0900_ai_ci NOT NULL COMMENT '问题ID',
  `content` varchar(5000) CHARACTER SET utf8mb4 COLLATE utf8mb4_0900_ai_ci NOT NULL DEFAULT '' COMMENT '选择内容',
  PRIMARY KEY (`id`) USING BTREE
) ENGINE = InnoDB CHARACTER SET = utf8mb4 COLLATE = utf8mb4_0900_ai_ci COMMENT = '候选答案' ROW_FORMAT = DYNAMIC;

-- ----------------------------
-- Records of t_qu_answer
-- ----------------------------
INSERT INTO `t_qu_answer` VALUES ('1550342872061046785', '1550342870903418882', '两类');
INSERT INTO `t_qu_answer` VALUES ('1550342872069435393', '1550342870903418882', '三类');
INSERT INTO `t_qu_answer` VALUES ('1550342872073629698', '1550342870903418882', '四类');
INSERT INTO `t_qu_answer` VALUES ('1550342872073629699', '1550342870903418882', '五类');
INSERT INTO `t_qu_answer` VALUES ('1550343195987144706', '1550343195391553538', '其他垃圾 ');
INSERT INTO `t_qu_answer` VALUES ('1550343195995533313', '1550343195391553538', '有害垃圾');
INSERT INTO `t_qu_answer` VALUES ('1550343195999727618', '1550343195391553538', '可回收物');
INSERT INTO `t_qu_answer` VALUES ('1550343196008116225', '1550343195391553538', '厨余垃圾');
INSERT INTO `t_qu_answer` VALUES ('1588088508591939585', '1588088507946016769', '1');
INSERT INTO `t_qu_answer` VALUES ('1588088508604522498', '1588088507946016769', '2');
INSERT INTO `t_qu_answer` VALUES ('1588897199394201601', '1588897199314509826', '123');
INSERT INTO `t_qu_answer` VALUES ('1588897199398395905', '1588897199314509826', '213');
INSERT INTO `t_qu_answer` VALUES ('1588897199402590209', '1588897199314509826', '123');
INSERT INTO `t_qu_answer` VALUES ('1588897199402590210', '1588897199314509826', '23');
INSERT INTO `t_qu_answer` VALUES ('1589576600205246466', '1589576599081172994', '吃饭');
INSERT INTO `t_qu_answer` VALUES ('1589576600217829377', '1589576599081172994', '打游戏');
INSERT INTO `t_qu_answer` VALUES ('1589576600217829378', '1589576599081172994', '谈恋爱');
INSERT INTO `t_qu_answer` VALUES ('1589576600217829379', '1589576599081172994', '买衣服');
INSERT INTO `t_qu_answer` VALUES ('1589584331301568513', '1589584331251236866', '正确');
INSERT INTO `t_qu_answer` VALUES ('1589584331305762817', '1589584331251236866', '错误');
INSERT INTO `t_qu_answer` VALUES ('1591006013413134338', '1591006011991265282', '1');
INSERT INTO `t_qu_answer` VALUES ('1591006013421522945', '1591006011991265282', '12');
INSERT INTO `t_qu_answer` VALUES ('1591006013421522946', '1591006011991265282', '2');
INSERT INTO `t_qu_answer` VALUES ('1591006013425717250', '1591006011991265282', '3');
INSERT INTO `t_qu_answer` VALUES ('1591012844361535490', '1591012842625093634', '1');
INSERT INTO `t_qu_answer` VALUES ('1591012844374118401', '1591012842625093634', '2');
INSERT INTO `t_qu_answer` VALUES ('1591012844374118402', '1591012842625093634', '3');
INSERT INTO `t_qu_answer` VALUES ('1591012844378312706', '1591012842625093634', '4');

SET FOREIGN_KEY_CHECKS = 1;
